{"scoreShow":"Check","submit":"Submit","tryAgain":"Retry","scoreExplanation":"Correct answers give +1 point. Incorrect answers give -1 point. The lowest possible score is 0.","question":{"settings":{"size":{"width":2543,"height":1243},"background":{"path":"images\/image-D0B89YvM.png","mime":"image\/png","copyright":{"license":"U"},"width":2543,"height":1243}},"task":{"elements":[{"x":4.0539917978881199,"y":74.583294020571131,"width":18.514640538756915,"height":4.9387289420608109,"dropZones":["0","1","2","3"],"type":{"library":"H5P.AdvancedText 1.1","params":{"text":"<p><span style=\"font-size:1.75em\"><span style=\"color:#990033\">a. \\(1+1=2.\\)<\/span><\/span><\/p>\n"},"subContentId":"30406782-2924-4911-8f90-9ae52b9b1646","metadata":{"contentType":"Text","license":"U","title":"Untitled Text"}},"backgroundOpacity":100,"multiple":false},{"x":37.837256780289124,"y":74.583294020571131,"width":28.746113113164515,"height":4.9976183854221832,"dropZones":["0","1","2","3"],"type":{"library":"H5P.AdvancedText 1.1","params":{"text":"<p><span style=\"color:#660066\"><span style=\"font-size:1.75em\">c. M\u1ecdi s\u1ed1 th\u1ef1c kh\u00f4ng \u00e2m \u0111\u1ec1u c\u00f3 hai c\u0103n b\u1eadc hai.<\/span><\/span><\/p>\n"},"subContentId":"c70f1b53-4e9b-4592-a729-028694de8585","metadata":{"contentType":"Text","license":"U","title":"Untitled Text"}},"backgroundOpacity":100,"multiple":false},{"x":18.918628390144562,"y":74.583294020571131,"width":25.047023237644783,"height":4.9976183854221832,"dropZones":["2","0","1","3"],"type":{"library":"H5P.AdvancedText 1.1","params":{"text":"<p><span style=\"color:#339933\"><span style=\"font-size:1.75em\">b. Tr\u1eddi h\u00f4m nay n\u00f3ng qu\u00e1!<\/span><\/span><\/p>\n"},"subContentId":"2a731134-d158-423e-95ae-ca9c318621c1","metadata":{"contentType":"Text","license":"U","title":"Untitled Text"}},"backgroundOpacity":100,"multiple":false},{"x":58.10721576972972,"y":74.583294020571131,"width":34.294747926444117,"height":4.9995419121574525,"dropZones":["3","0","1","2"],"type":{"library":"H5P.AdvancedText 1.1","params":{"text":"<p><span style=\"font-size:1.75em\"><span style=\"color:#cc6666\">d. Ph\u1edf l\u00e0 m\u00f3n \u0103n ngon nh\u1ea5t Vi\u1ec7t Nam.<\/span><\/span><\/p>\n"},"subContentId":"bb020caf-f08d-4c0f-8f05-a2c77151548d","metadata":{"contentType":"Text","license":"U","title":"Untitled Text"}},"backgroundOpacity":100,"multiple":false},{"x":82.431166557058447,"y":74.583294020571131,"width":23.197478299884914,"height":4.9995419121574525,"dropZones":["2","0","1","3"],"type":{"library":"H5P.AdvancedText 1.1","params":{"text":"<p><span style=\"color:#f39c12\"><span style=\"font-size:1.75em\">e. B\u1ea1n kh\u1ecfe kh\u00f4ng?<\/span><\/span><\/p>\n"},"subContentId":"f2a63fc0-5bd2-48a8-9e7a-6775482d4c64","metadata":{"contentType":"Text","license":"U","title":"Untitled Text"}},"backgroundOpacity":100,"multiple":false},{"x":4.0539917978881199,"y":85.632670912507592,"width":35.437546509628376,"height":7.8927735148249401,"dropZones":["0","1","2","3"],"type":{"library":"H5P.AdvancedText 1.1","params":{"text":"<p><span style=\"font-size:1.75em\"><span style=\"color:#339999\">f. N\u1ebfu \\(&nbsp;a&gt;b&gt;0 \\)&nbsp;th\u00ec \\( \\sqrt{a} &gt; \\sqrt{b}&nbsp;\\).<\/span><\/span><\/p>\n"},"subContentId":"0246b3c3-77f2-4194-9e4d-cccf4d90dd3d","metadata":{"contentType":"Text","license":"U","title":"Untitled Text"}},"backgroundOpacity":100,"multiple":false},{"x":28.493454817339835,"y":88.886083051533902,"width":27.173709997795115,"height":4.9612778404002711,"dropZones":["0","1","2","3"],"type":{"library":"H5P.AdvancedText 1.1","params":{"text":"<p><span style=\"color:#8e44ad;\"><span style=\"font-size:1.75em;\">g. M\u00e8o l\u00e0 \u0111\u1ed9ng v\u1eadt m\u00e1u n\u00f3ng<\/span><\/span><\/p>\n"},"subContentId":"691bb8c0-b618-426e-8a2c-f8359b9bb976","metadata":{"contentType":"Text","license":"U","title":"Untitled Text"}},"backgroundOpacity":100,"multiple":false},{"x":48.845922544011145,"y":88.886083051533902,"width":31.356718806925677,"height":4.9387289420608109,"dropZones":["0","1","2","3"],"type":{"library":"H5P.AdvancedText 1.1","params":{"text":"<p><span style=\"font-size:1.75em;\">h. \\( x+y=3\\)<\/span><\/p>\n"},"subContentId":"817fad3c-b91d-4373-9b30-3cc048658bd7","metadata":{"contentType":"Text","license":"U","title":"Untitled Text"}},"backgroundOpacity":100,"multiple":false}],"dropZones":[{"x":2.3262663028501036,"y":16.664031024181476,"width":31.357939189189192,"height":42.956081081081081,"correctElements":["0","5","6"],"showLabel":false,"backgroundOpacity":100,"tipsAndFeedback":{"tip":""},"single":false,"autoAlign":true,"label":"<div>Kh\u1eb3ng \u0111\u1ecbnh \u0111\u00fang<\/div>\n"},{"x":24.436679386289622,"y":16.664031024181476,"width":31.357939189189192,"height":42.956081081081081,"correctElements":["1"],"showLabel":false,"backgroundOpacity":100,"tipsAndFeedback":{"tip":""},"single":false,"autoAlign":true,"label":"<div>Kh\u1eb3ng \u0111\u1ecbnh sai<\/div>\n"},{"x":47.710863458675512,"y":16.664031024181476,"width":36.942229729729732,"height":42.956081081081081,"correctElements":["2","4"],"showLabel":false,"backgroundOpacity":100,"tipsAndFeedback":{"tip":""},"single":false,"autoAlign":true,"label":"<div>Kh\u00f4ng l\u00e0 kh\u1eb3ng \u0111\u1ecbnh<\/div>\n"},{"x":73.268883816016711,"y":19.443830667523038,"width":36.942229729729732,"height":40.808277027027032,"correctElements":["3","7"],"showLabel":false,"backgroundOpacity":100,"tipsAndFeedback":{"tip":""},"single":false,"autoAlign":true,"label":"<div>Kh\u00f4ng x\u00e1c \u0111\u1ecbnh<\/div>\n"}]}},"overallFeedback":[{"from":0,"to":50,"feedback":"Xem l\u1ea1i nh\u00e9 em"},{"from":51,"to":100,"feedback":"Ch\u00fac m\u1eebng em"}],"behaviour":{"enableRetry":true,"enableCheckButton":true,"singlePoint":false,"applyPenalties":false,"enableScoreExplanation":true,"dropZoneHighlighting":"dragging","autoAlignSpacing":2,"enableFullScreen":true,"showScorePoints":true,"showTitle":true},"grabbablePrefix":"Grabbable {num} of {total}.","grabbableSuffix":"Placed in dropzone {num}.","dropzonePrefix":"Dropzone {num} of {total}.","noDropzone":"No dropzone.","tipLabel":"Show tip.","tipAvailable":"Tip available","correctAnswer":"Correct answer","wrongAnswer":"Wrong answer","feedbackHeader":"Feedback","scoreBarLabel":"You got :num out of :total points","scoreExplanationButtonLabel":"Show score explanation","a11yCheck":"Check the answers. The responses will be marked as correct, incorrect, or unanswered.","a11yRetry":"Retry the task. Reset all responses and start the task over again.","localize":{"fullscreen":"Fullscreen","exitFullscreen":"Exit fullscreen"}}