{"title":"Joubel UI","contentType":"Utility","description":"UI utility library","majorVersion":1,"minorVersion":3,"patchVersion":12,"runnable":0,"coreApi":{"majorVersion":1,"minorVersion":3},"machineName":"H5P.JoubelUI","author":"Joubel","preloadedJs":[{"path":"js/joubel-help-dialog.js"},{"path":"js/joubel-message-dialog.js"},{"path":"js/joubel-progress-circle.js"},{"path":"js/joubel-simple-rounded-button.js"},{"path":"js/joubel-speech-bubble.js"},{"path":"js/joubel-throbber.js"},{"path":"js/joubel-tip.js"},{"path":"js/joubel-slider.js"},{"path":"js/joubel-score-bar.js"},{"path":"js/joubel-progressbar.js"},{"path":"js/joubel-ui.js"}],"preloadedCss":[{"path":"css/joubel-help-dialog.css"},{"path":"css/joubel-message-dialog.css"},{"path":"css/joubel-progress-circle.css"},{"path":"css/joubel-simple-rounded-button.css"},{"path":"css/joubel-speech-bubble.css"},{"path":"css/joubel-tip.css"},{"path":"css/joubel-slider.css"},{"path":"css/joubel-score-bar.css"},{"path":"css/joubel-progressbar.css"},{"path":"css/joubel-ui.css"},{"path":"css/joubel-icon.css"}],"preloadedDependencies":[{"machineName":"FontAwesome","majorVersion":4,"minorVersion":5},{"machineName":"H5P.Transition","majorVersion":1,"minorVersion":0},{"machineName":"Drop","majorVersion":1,"minorVersion":0},{"machineName":"H5P.FontIcons","majorVersion":1,"minorVersion":0}]}
