{"title":"HD1","language":"und","mainLibrary":"H5P.DragQuestion","embedTypes":["iframe"],"license":"U","defaultLanguage":"en","preloadedDependencies":[{"machineName":"H5P.AdvancedText","majorVersion":"1","minorVersion":"1"},{"machineName":"H5P.DragQuestion","majorVersion":"1","minorVersion":"14"},{"machineName":"FontAwesome","majorVersion":"4","minorVersion":"5"},{"machineName":"H5P.JoubelUI","majorVersion":"1","minorVersion":"3"},{"machineName":"Drop","majorVersion":"1","minorVersion":"0"},{"machineName":"Tether","majorVersion":"1","minorVersion":"0"},{"machineName":"H5P.FontIcons","majorVersion":"1","minorVersion":"0"},{"machineName":"H5P.Transition","majorVersion":"1","minorVersion":"0"},{"machineName":"H5P.Question","majorVersion":"1","minorVersion":"5"},{"machineName":"jQuery.ui","majorVersion":"1","minorVersion":"10"},{"machineName":"H5P.MathDisplay","majorVersion":"1","minorVersion":"0"}]}